sap_wbs_raw,wbs_source,project_number,operation_number,ops_activity_number,wbs_name,client_name,rig,ops_district,location
"J.22.111697(SLKN), J.22.153401(WLPS)",Project,P.1033291,,,Q3 U420 Rigless,SANTOS LIMITED,RIGLESS - AUSTRALIA,Moomba WL,Moomba
J.21.111685(WLES),Project,P.1024839,,,Sav 408 Drilling,SANTOS LIMITED,"SAVANNA DRILLING #408, SAVANNA 165, SAVANNA 186, ENSIGN 968, SAVANNA 166",Roma WL,Roma
"J.22.114003(WLPS), J.22.124600(SLKN), J.22.156374(WLES)",Project,P.1033318,,,Dedicated truck for SLDT/SCMT,SANTOS LIMITED,RIGLESS - AUSTRALIA,Roma WL,Roma
"J.25.125532(SLKN), J.25.130117(WLES)",Project,P.1074004,,,Origin OH Unit Jul2025 Onwards,AUSTRALIA PACIFIC LNG PTY LTD,"SAVANNA DRILLING #449, RIGLESS - AUSTRALIA, SLR 168",Roma WL,Roma
"J.24.078871(PSV), J.24.197619(TSW)",Project,P.1056828,,,ESSO PnA Bleed-off Bass Straight,ESSO AUSTRALIA LTD,VALARIS 107,APG TS,Jandakot
J.22.121677(SLKN),Project,P.1035485,,,CSG Drilling,DENISON GAS,"SILVER CITY 20, ENSIGN 974",Roma WL,Roma
"J.23.087908(SLKN), J.23.179438(WLPS), J.23.182333(WLES)",Project,P.1045991,,,CO2CRC,CO2CRC LIMITED,"SAVANNA 166, RIGLESS - AUSTRALIA",Roma WL,Roma
J.24.079733(WIS),Project,P.1056886,,,Barrow Island PNA,CHEVRON APG ABU PERTH.,Rigless,AUS West Coast WS,Jandakot
J.25.160761(SLKN),Project,P.1076618,,,Pine Creek Exploration,WESTSIDE CORPORATION LTD,ENSIGN 958,Roma WL,Roma
J.23.167739(SLKN),Project,P.1052473,,,ELIXIR,ENERGYCAPTURE PTY LIMITED,SAVANNA 185,Roma WL,Roma
"J.22.137573(TSW), J.22.143837(PSV)",Project,P.1035747,,,Shell QGC,QGC,Rigless,APG TS,Jandakot
J.26.019746(WIS),Project,P.1077724,,,ShaleAID Field Trial 2026,ORIGIN ENERGY UPSTREAM OPERATOR PTY LTD,Rigless,AUS East Coast WS,Roma
"J.25.057262(SLKN), J.25.070036(WLES), J.25.099360(WLPS)",Project,P.1069094,,,Condor,CONDOR ENERGY SERVICES LTD,CONDOR RIG 1,Roma WL,Roma
"J.25.166468(PSV), J.25.169965(LABR)",Project,P.1077044,,,Gold Hydrogen Lab analysis,GOLD HYDROGEN LTD,Rigless,APG TS,Jandakot
J.25.143803(PSV),Project,P.1075365,,,FUGRO Subsea Sampling Job,FUGRO AUSTRALIA PTY LTD,Rigless,APG TS,Jandakot
J.25.164608(SLKN),Project,P.1076906,,,Peak Sales and rentals 2025,AGR (AUSTRALIA) PTY LTD,Rigless,New Burn WL,Jandakot
J.22.156198(SLKN),Project,P.1028314,,,Mangahewa G2 Campaign,TODD ENERGY LIMITED,BIG BEN,New Plymouth WL,New Plymouth
J.25.141286(SLKN),Project,P.1075148,,,Geoscience Australia,GEOSCIENCE AUSTRALIA (AGSO),ENSIGN 974,Roma WL,Roma
"J.22.111703(SLKN), J.22.114007(WLPS)",Project,P.1024957,,,Barossa,SANTOS LIMITED,VALARIS MS-1,New Burn WL,Jandakot
J.25.159813(SLKN),Project,P.1076554,,,Jadestone Stag Platform 2025,JADESTONE ENERGY (EAGLE) PTY LTD,RIGLESS - AUSTRALIA,New Burn WL,Jandakot
"J.20.063798(WLES), J.20.071191(SLKN), J.20.071231(WLPS)",Project,P.1004750,,,Origin Rigless WAP,ORIGIN ENERGY UPSTREAM OPERATOR PTY LTD,RIGLESS - AUSTRALIA,Roma WL,Roma
"J.20.071223(SLKN), J.20.071255(WLPS)",Project,P.1004924,,,CH_PNX,DENISON GAS,RIGLESS - AUSTRALIA,Roma WL,Roma
J.26.013100(SLKN),Project,P.1076040,,,Transocean Endurance PnA,WOODSIDE ENERGY LTD,TRANSOCEAN ENDURANCE,New Burn WL,Jandakot
J.25.152321(SLKN),Project,P.1073765,,,Beach_Transocean Equinox_Rig Club,BEACH ENERGY (OPERATIONS) LTD,TRANSOCEAN EQUINOX,New Burn WL,Jandakot
"J.25.103293(SLKN), J.25.119133(WLPS)",Project,P.1072420,,,Amplitude TSX Equinox,AMPLITUDE ENERGY LTD,TRANSOCEAN EQUINOX,New Burn WL,Jandakot
J.25.144588(WIS),Project,P.1075437,,,NWS PNA,WOODSIDE ENERGY LTD,TRANSOCEAN ENDURANCE,AUS West Coast WS,Jandakot
"J.25.149094(WIS), J.25.149109(WPS)",Project,P.1075760,,,Canyon Stimulation Evaluation,OMEGA OIL AND GAS LIMITED,RIGLESS - AUSTRALIA,AUS East Coast WS,Roma
J.25.147253(SLKN),Project,P.1075643,,,Peak sales and rental,TODD ENERGY LIMITED,Rigless,New Plymouth WL,New Plymouth
"J.21.111908(DHT), J.21.124471(TCPF)",Project,P.1021539,,,Barossa,SANTOS NA BAROSSA PTY LTD,Valaris MS-1,APG TS,Jandakot
J.23.018087(SLKN),Project,P.1039672,,,Perth Basin - STRIKE,STRIKE ENERGY LIMITED,ENSIGN 974,New Burn WL,Jandakot
"J.25.054075(SLKN), J.25.075885(WLPS)",Project,P.1068821,,,Woodside Minerva P&A,WOODSIDE ENERGY GLOBAL PTY LTD,TRANSOCEAN EQUINOX,New Burn WL,Jandakot
"J.25.074216(SLKN), J.25.087436(WLPS)",Project,P.1070205,,,Slim Epilogue Campaign,ESSO AUSTRALIA LTD,"KINGFISH, COBIA, TUNA",New Burn WL,Jandakot
"J.24.162086(SLKN), J.24.197254(WLPS)",Project,P.1062500,,,Esso P&A,ESSO AUSTRALIA LTD,VALARIS 107,New Burn WL,Jandakot
"J.25.128848(SLKN), J.25.132037(WLPS)",Project,P.1074248,,,Annulus inspection,WOODSIDE ENERGY LTD,Rigless,New Burn WL,Jandakot
"J.19.060776(SLKN), J.19.062632(WLES)",Project,P.1001189,,,Greymouth_Land_Tiger246,GREYMOUTH PETROLEUM,Tiger-246,New Plymouth WL,New Plymouth
J.25.141273(SLKN),Project,P.1075147,,,Total Energy PNG Offshore,TOTALENERGIES EP PNG LIMITED,VALARIS 107,Port Moresby WL,Port Moresby
"J.24.189515(SLKN), J.24.197454(WLPS)",Project,P.1065903,,,Barrow Island (WA Oil),CHEVRON APG ABU PERTH.,VENTIA 19,New Burn WL,Jandakot
"J.25.048162(SLKN), J.25.115160(WLES)",Project,P.1068359,,,Conoco E&A - TSX Equinox,CONOCOPHILLIPS AUSTRALIA SH2 PTY LTD,TRANSOCEAN EQUINOX,New Burn WL,Jandakot
"J.23.075857(SLKN), J.23.115864(WLPS)",Project,P.1045298,,,"HJV, VIC JUB",SANTOS LIMITED,Rigless,New Burn WL,Jandakot
"J.23.103412(WIT), J.23.107001(WPS)",Project,P.1046862,,,Woodside Julimar,WOODSIDE ENERGY JULIMAR PTY LTD,TRANSOCEAN ENDURANCE,AUS West Coast WS,Jandakot
"J.23.085258(SLKN), J.23.179404(WLES)",Project,P.1045863,,,Origin Tripple & Advance,ORIGIN ENERGY UPSTREAM OPERATOR PTY LTD,"SAVANNA 185, SAVANNA DRILLING #449",Roma WL,Roma
J.21.119583(WLES),Project,P.1018743,,,Central Drilling,CENTRAL PETROLEUM SERVICES PTY LTD,"EASTERNWELL 29, SILVER CITY 23",Roma WL,Roma
J.24.197303(SLKN),Project,P.1064301,,,Jadestone P&A,JADESTONE ENERGY (EAGLE) PTY LTD,VALARIS 247,New Burn WL,Jandakot
"J.23.030376(PSV), J.23.179365(TCPF), J.23.182502(LABR), J.23.182516(DHT)",Project,P.1041909,,,Exploration and CCS,INPEX OPERATIONS AUSTRALIA PTY LTD,"OCEAN APEX, VALARIS-247, NOBLE TOM PROSSER, VALARIS 107",APG TS,Jandakot
"J.24.161524(PSV), J.24.176288(TCPF)",Project,P.1063271,,,Santos Barossa,SANTOS NA (19-12) PTY LTD,VALARIS MS-1,APG TS,Jandakot
"J.22.114000(WLPS), J.22.156180(SLKN)",Project,P.1029132,,,OH Well,LOCHARD ENERGY (IONA OPERATIONS) TRUST,Ensign 973,Roma WL,Roma
J.25.117537(SLKN),Project,P.1073409,,,SIM plug package - Mylor wells,LOCHARD ENERGY (IONA OPERATIONS) TRUST,Rigless,New Burn WL,Jandakot
"J.25.073111(PSV), J.25.092084(DHT), J.25.092085(TCPF)",Project,P.1070123,,,CoP DST/TCP/DDA/MUZ/RSA,CONOCOPHILLIPS AUSTRALIA SH2 PTY LTD,TRANSOCEAN EQUINOX,APG TS,Jandakot
J.24.073497(WIS),Project,P.1056334,,,DE-PMP Water Disposal Wells,CHEVRON APG ABU PERTH.,Rigless,AUS West Coast WS,Jandakot
J.25.103342(SLKN),Project,P.1072423,,,Peak sales and rental,STRIKE SOUTH PTY LTD (EP503),Rigless,New Burn WL,Jandakot
J.23.028273(SLKN),Project,P.1041720,,,Peak Sales 2023,ESSO AUSTRALIA LTD,Rigless,New Burn WL,Jandakot
J.25.073122(SLKN),Project,P.1070118,,,Warrego - WA Land - Perth Basin,WARREGO ENERGY PTY LTD,SILVER CITY RIG 24,New Burn WL,Jandakot
"J.22.134063(SLKN), J.22.156225(WLES)",Project,P.1040789,,,Tamboran B2,TAMBORAN RESOURCES LIMITED,"SILVER CITY 40, H&P 469",Roma WL,Roma
J.25.057270(SLKN),Project,P.1069095,,,Surat Basin Tara Well,AJ LUCAS SERVICES PTY LTD,VENTIA 33,Roma WL,Roma
J.25.101964(SLKN),Project,P.1072334,,,(Transferred) Origin Tripple & Advance,ORIGIN ENERGY UPSTREAM OPERATOR PTY LTD,"SAVANNA 185, SAVANNA DRILLING #449",Port Moresby WL,Port Moresby
J.24.175485(PSV),Project,P.1064318,,,Sampling operations,INPEX OPERATIONS AUSTRALIA PTY LTD,VALARIS 247,APG TS,Jandakot
"J.23.071930(PSV), J.23.159803(TSW)",Project,P.1044884,,,Vx Campaign,AWE PERTH PTY LTD,RIGLESS - AUSTRALIA,APG TS,Jandakot
J.23.068465(PSV),Project,P.1044586,,,BW Offshore EPC FZCO,BW OFFSHORE EPC FZCO,"VALARIS MS-1, RIGLESS - AUSTRALIA",APG TS,Jandakot
"J.25.020413(PSV), J.25.076059(TCPF)",Project,P.1064323,,,Shell Crux,SHELL AUSTRALIA PTY LTD.,RIGLESS - AUSTRALIA,APG TS,Jandakot
"J.22.114065(WPS), J.22.153293(WIT)",Project,P.1026787,,,XNA03 Gravel Pack,WOODSIDE BURRUP PTY.  LTD,OCEAN APEX,AUS West Coast WS,Jandakot
J.25.099013(SLKN),Project,P.1072145,,,Test Only,SANTOS WESTERN AUSTRALIA,NOBLE APEX,New Burn WL,Jandakot
J.24.181710(SLKN),Project,P.1065036,,,Riserless Wellhead Logging,WOODSIDE ENERGY JULIMAR PTY LTD,Rigless,New Burn WL,Jandakot
"J.23.158426(WIT), J.23.158430(WPS)",Project,P.1051391,,,Lambert West Gravel Pack,WOODSIDE ENERGY LTD,TRANSOCEAN ENDURANCE,AUS West Coast WS,Jandakot
J.25.096218(WIS),Project,P.1071946,,,Julimar Phase 3 Gravel Pack,WOODSIDE ENERGY LTD,TRANSOCEAN ENDURANCE,AUS West Coast WS,Jandakot
"J.25.080594(PSV), J.25.095706(TCPF)",Project,P.1070732,,,AU costs for PNG,MOBIL PNG GAS HOLDINGS PTY LTD,Rigless,APG TS,Jandakot
J.24.175496(PSV),Project,P.1064319,,,TCP Lochard,LOCHARD ENERGY (IONA OPERATIONS) TRUST,RIGLESS - AUSTRALIA,APG TS,Jandakot
"J.20.063829(SLKN), J.20.063830(WLPS), J.20.066128(WLES)",Project,P.1011289,,,Barrow Island,CHEVRON APG ABU PERTH.,"RIGLESS - AUSTRALIA, HELIX Q7000, ENSIGN 963, VENTIA 19, VENTIA 26",New Burn WL,Jandakot
J.21.111619(WLES),Project,P.1024845,,,Stand by Unit,SANTOS LIMITED,"SAVANNA 68, WILD DESERT RIG 20",Roma WL,Roma
"J.25.079020(SLKN), J.25.089616(WLPS)",Project,P.1070590,,,Beach TSX Equinox Campaign,BEACH ENERGY LTD,TRANSOCEAN EQUINOX,New Burn WL,Jandakot
J.19.060757(SLKN),Project,P.1001640,,,CSG_Santos_Ensign_SLR_Medium,SANTOS LIMITED,"SAVANNA 166, SAVANNA 165, ENSIGN 966",Roma WL,Roma
J.24.172652(WIS),Project,P.1064022,,,Shell Crux Development Campaign phase 2,SHELL AUSTRALIA PTY LTD.,Rigless,AUS West Coast WS,Jandakot
J.25.084060(PSV),Project,P.1071023,,,Santos Barossa Services,SANTOS LIMITED,VALARIS MS-1,APG TS,Jandakot
"J.23.034880(SLKN), J.23.089517(WLES)",Project,P.1042288,,,Omega exploration,OMEGA OIL AND GAS LIMITED,"SAVANNA 185, RIGLESS - AUSTRALIA",Roma WL,Roma
J.25.082301(SLKN),Project,P.1070876,,,Santos_Offshore_Rigless,SANTOS WESTERN AUSTRALIA,Rigless,New Burn WL,Jandakot
"J.25.055430(SLKN), J.25.076508(WLES)",Project,P.1068929,,,Chevron - 2025 Offshore E&A Campaign,CHEVRON APG ABU PERTH.,OCEAN APEX,New Burn WL,Jandakot
"J.22.115743(PSV), J.22.153228(TCPF)",Project,P.1038062,,,Santos - CCS,SANTOS LIMITED,RIGLESS - AUSTRALIA,APG TS,Jandakot
J.23.056954(SLKN),Project,P.1043748,,,DO NOT USE - Chevron - Offshore E&A Campaign,CHEVRON APG ABU PERTH.,OCEAN APEX,New Burn WL,Jandakot
J.25.050616(SLKN),Project,P.1068578,,,Peak Sales,HALLIBURTON OVERSEAS LIMITED,Rigless,New Burn WL,Jandakot
"J.19.060702(WLES), J.19.060774(SLKN)",Project,P.1001664,,,CSG_Arrow_SLR167,ARROW ENERGY LTD,"SAVANNA 165, SLR 167, SAVANNA DRILLING #406",Roma WL,Roma
"J.23.154752(PSV), J.23.182284(DHT)",Project,P.1050952,,,ENI Blacktip P5 - RSA Downhole Sampling,ENI AUSTRALIA B.V.,VALARIS 247,APG TS,Jandakot
J.25.065373(SLKN),Project,P.1069553,,,Peak Sales,JADESTONE ENERGY (EAGLE) PTY LTD,Rigless,New Burn WL,Jandakot
J.26.002030(SLKN),Project,P.1069546,,,Crux-Wireline/Slickline,SHELL AUSTRALIA PTY LTD.,Rigless,New Burn WL,Jandakot
"J.22.129897(SLKN), J.22.137792(WLES)",Project,P.1040246,,,Cheal Campaign,TAMARIND NZ ONSHORE LIMITED,NOVA-1,New Plymouth WL,New Plymouth
J.23.018099(SLKN),Project,P.1039676,,,EOG offshore,EOG RESOURCES AUSTRALIA BLOCK WA-488 PTY LTD,VALARIS 107,New Burn WL,Jandakot
J.25.059024(SLKN),Project,P.1069185,,,Triangle Energy,TRIANGLE ENERGY (OPERATIONS) PTY LTD,VENTIA 33,New Burn WL,Jandakot
"J.24.132263(SLKN), J.24.161621(WLPS)",Project,P.1060890,,,Epilogue_Platform,ESSO AUSTRALIA LTD,ISLAND PERFORMER LWI,New Burn WL,Jandakot
"J.24.134532(SLKN), J.24.193526(WLES)",Project,P.1061087,,,ENI BT-P3 OH/CH,ENI AUSTRALIA B.V.,"VALARIS 107, VALARIS 247",New Burn WL,Jandakot
"J.24.133197(PSV), J.24.134528(TSW)",Project,P.1060975,,,SAPURA,SAPURA AUSTRALIA PTY LTD,FPSO - NORTHERN ENDEAVOR,APG TS,Jandakot
"J.23.150545(PSV), J.23.176717(TSW)",Project,P.1050390,,,ENI Blacktip P5,ENI AUSTRALIA B.V.,VALARIS 247,APG TS,Jandakot
"J.21.110990(SLKN), J.21.127371(WLPS)",Project,P.1020702,,,Santos Limited ,SANTOS LIMITED,RIGLESS - AUSTRALIA,New Burn WL,Jandakot
J.24.168563(WIS),Project,P.1063641,,,ENI Blacktip P5,ENI AUSTRALIA B.V.,VALARIS 247,AUS West Coast WS,Jandakot
"J.24.022645(SLKN), J.24.147665(WLPS), J.24.194498(WLES)",Project,P.1051680,,,Northern Endeavor - Sapura - Decommissioning,SAPURA AUSTRALIA PTY LTD,SAPURAKENCANA CONSTRUCTOR,New Burn WL,Jandakot
J.25.035249(SLKN),Project,P.1067261,,,Peak Sales 2025,ESSO AUSTRALIA LTD,Rigless,New Burn WL,Jandakot
J.24.192387(WIS),Project,P.1061395,,,Sapura Northern Endeavour,NORMAND SAPURA PTY LTD,SAPURAKENCANA CONSTRUCTOR,AUS West Coast WS,Jandakot
"J.24.034697(PSV), J.24.102005(TSW)",Project,P.1053459,,,Barrow Island,CHEVRON APG ABU PERTH.,RIGLESS - AUSTRALIA,APG TS,Jandakot
"J.24.037211(SLKN), J.24.153664(WLPS), J.24.190174(WLES)",Project,P.1053849,,,ENI V-247,ENI AUSTRALIA B.V.,VALARIS 247,New Burn WL,Jandakot
"J.24.104598(SLKN), J.24.107157(WLPS)",Project,P.1059056,,,Blacktip P5 V247 Commercial,ENI AUSTRALIA LIMITED,VALARIS-247,New Burn WL,Jandakot
J.24.142269(SLKN),Project,P.1061663,,,Imperial 2024-2025,IMPERIAL OIL AND GAS PTY LTD,"RIGLESS - AUSTRALIA, ENSIGN 965",Roma WL,Roma
"J.24.058142(SLKN), J.24.154947(WLES)",Project,P.1055580,,,"NZEC 6.125"" Logging",NEW ZEALAND ENERGY CORPORATION,NOVA-1,New Plymouth WL,New Plymouth
J.23.062130(PSV),Project,P.1044279,,,Vx Calibration 2023,JADESTONE ENERGY (AUSTRALIA) PTY LTD,STAG SNUBBING UNIT 1,APG TS,Jandakot
J.25.026339(SLKN),Project,P.1065473,,,Strike Energy P&A,STRIKE ENERGY LIMITED,Rigless,Roma WL,Roma
"J.24.178653(SLKN), J.24.182728(WLES)",Project,P.1064651,,,Airlie Energy,AIRLIE ENERGY PTY LTD,SILVER CITY RIG 24,Roma WL,Roma
J.22.122447(PSV),Project,P.1039133,,,Aztech TCP,ENERGY RESOURCES LIMITED,ENSIGN 970,APG TS,Jandakot
"J.23.078572(PSV), J.23.179214(TSW)",Project,P.1045354,,,Beach Perth Basin,BEACH ENERGY LTD,EASTERNWELL 106,APG TS,Jandakot
"J.22.114986(PSV), J.22.153109(TSW)",Project,P.1036765,,,EOG Beehive-1,EOG RESOURCES AUSTRALIA BLOCK WA-488 PTY LTD,VALARIS 107,APG TS,Jandakot
"J.24.148277(PSV), J.24.172153(TSW)",Project,P.1062213,,,PnA Campaign,JADESTONE ENERGY (EAGLE) PTY LTD,VALARIS 247,APG TS,Jandakot
J.21.110992(WLES),Project,P.1024869,,,Tristar Job,TRI-STAR OPCO LLC,"RIGLESS - AUSTRALIA, SWS-2",Roma WL,Roma
"J.24.126599(SLKN), J.24.143491(WLPS)",Project,P.1060483,,,Q7000 - Gorgon & Janz,WELL OPS (UK) LTD,HELIX Q7000,New Burn WL,Jandakot
"J.20.063874(WPS), J.20.071127(WIT)",Project,P.1011182,,,GWFIII,WOODSIDE ENERGY LTD,OCEAN APEX,AUS West Coast WS,Jandakot
"J.20.063820(WLES), J.20.064015(WLPS), J.20.069708(SLKN)",Project,P.1009294,,,Inpex Phase 2 - COMMERCIAL,INPEX OPERATIONS AUSTRALIA PTY LTD,NOBLE DELIVERER,New Burn WL,Jandakot
"J.22.143884(WLES), J.22.146721(WLPS), J.22.156160(SLKN)",Project,P.1040135,,,Angore & Hides Drilling Campaign,MOBIL PNG GAS HOLDINGS PTY LTD,NABORS 702,New Burn WL,Jandakot
"J.23.081401(WIT), J.23.179113(WIS)",Project,P.1045586,,,Shell Crux Development Campaign,SHELL AUSTRALIA PTY LTD.,TRANSOCEAN EQUINOX,AUS East Coast WS,Roma
J.19.060740(SLKN),Project,P.1001701,,,Comet Ridge - Ensign 932,COMET RIDGE LIMITED,"Ensign 932, SILVER CITY 4, CONDOR RIG 1",Roma WL,Roma
"J.24.076802(SLKN), J.24.104714(WLPS)",Project,P.1056628,,,ESSO PWC,ESSO AUSTRALIA LTD,Rigless,New Burn WL,Jandakot
J.24.020974(PSV),Project,P.1051534,,,TCP Halyard-2,SANTOS LIMITED,OCEAN APEX,APG TS,Jandakot
"J.24.011203(SLKN), J.24.106158(WLPS)",Project,P.1049009,,,Santos Nobel Apex,SANTOS LIMITED,"OCEAN APEX, NOBLE APEX",New Burn WL,Jandakot
J.24.070312(WIS),Project,P.1056110,,,ENI Blacktip 5,ENI AUSTRALIA LIMITED,VALARIS 247,AUS West Coast WS,Jandakot
J.24.160160(SLKN),Project,P.1063104,,,Peak Sales,GREYMOUTH PETROLEUM,Rigless,New Plymouth WL,New Plymouth
J.24.160292(PSV),Project,P.1063116,,,TCP product sale,CHEVRON AUSTRALIA PTY LTD,RIGLESS - AUSTRALIA,APG TS,Jandakot
"J.19.060786(PSV), J.19.061291(TCPF)",Project,P.1002109,,,Ichthys - Phase 2,INPEX OPERATIONS AUSTRALIA PTY LTD,"NOBLE DELIVERER, VALARIS 247, VALARIS 107",APG TS,Jandakot
"J.19.062546(SLKN), J.19.062557(WLES)",Project,P.1003652,,,Bridgeport,BRIDGEPORT ENERGY LIMITED,"Bridgeport Drilling 1, CONDOR RIG 1",Roma WL,Roma
"J.24.154636(SLKN), J.24.157956(WLPS)",Project,P.1062592,,,Tri-Star USIT-CBL,TRI-STAR OPCO PTY LTD,SWS-2,Roma WL,Roma
"J.24.054030(SLKN), J.24.071380(WLES), J.24.089870(WLPS)",Project,P.1055244,,,Inpex CCS,INPEX OPERATIONS AUSTRALIA PTY LTD,VALARIS 247,New Burn WL,Jandakot
J.24.154075(SLKN),Project,P.1062543,,,Peak Sales,MB CENTURY.,Rigless,New Plymouth WL,New Plymouth
J.24.094719(SLKN),Project,P.1058371,,,Tri-Star PnA Campaign,TRI-STAR OPCO PTY LTD,SWMS RIG 3,Roma WL,Roma
"J.24.151963(SLKN), J.24.152071(WLES)",Project,P.1062416,,,Woodside DPS-1 Epilogue,WOODSIDE BURRUP PTY.  LTD,VALARIS DPS-1,New Burn WL,Jandakot
J.22.122450(PSV),Project,P.1028707,,,HJV Bleed-Off and Spartan Flowback,SANTOS LIMITED,NOBLE TOM PROSSER,APG TS,Jandakot
J.23.179184(TSW),Project,P.1051673,,,Bleed-off package,EXXONMOBIL PNG LIMITED,NABORS 702,Port Moresby TS,Port Moresby
J.24.145955(SLKN),Project,P.1062038,,,Jadestone Rigless 2024,JADESTONE ENERGY (AUSTRALIA) PTY LTD,Rigless,New Burn WL,Jandakot
"J.20.063873(WIS), J.20.066977(WIT)",Project,P.1010082,,,Ichthys - Phase 2,INPEX OPERATIONS AUSTRALIA PTY LTD,NOBLE DELIVERER,AUS West Coast WS,Jandakot
"J.22.114011(SLKN), J.22.114012(WLPS)",Project,P.1028660,,,Blacktip Intervention,ENI AUSTRALIA LIMITED,RIGLESS - AUSTRALIA,New Burn WL,Jandakot
J.24.145660(SLKN),Project,P.1061986,,,Jadestone 2025 Drilling,JADESTONE ENERGY (EAGLE) PTY LTD,VALARIS 247,New Burn WL,Jandakot
"J.21.111032(SLKN), J.21.111691(WLES)",Project,P.1018250,,,Todd Fishing Job,TODD ENERGY LIMITED,Big Ben,New Plymouth WL,New Plymouth
J.21.111137(WIT),Project,P.1023464,,,Western Energy Services,WESTERN ENERGY SERVICES LTD,Rigless,New Plymouth WS,New Plymouth
J.20.063875(WIT),Project,P.1010724,,,MAUI-A,OMV NEW ZEALAND LTD,Archer Emerald,New Plymouth WS,New Plymouth
"J.21.111135(WPS), J.21.119567(WIT)",Project,P.1020099,,,GMP - Frac,GREYMOUTH PETROLEUM,Rigless,New Plymouth WS,New Plymouth
J.22.146278(WIT),Project,P.1035430,,,MBIE New Zealand ,"MINISTRY OF BUSINESS, INNOVATION AND EMPLOYMENT",HELIX Q7000,New Plymouth WS,New Plymouth
J.23.012680(WIT),Project,P.1039135,,,MBIE-TUI Helix CT,"MINISTRY OF BUSINESS, INNOVATION AND EMPLOYMENT",HELIX Q7000,New Plymouth WS,New Plymouth
J.23.018702(WIT),Project,P.1039942,,,Helix - MBIE CT,"MINISTRY OF BUSINESS, INNOVATION AND EMPLOYMENT",HELIX Q7000,New Plymouth WS,New Plymouth
"J.23.033992(WIT), J.23.046056(WIS)",Project,P.1040088,,,MBIE CT P&A | Helix,WELL OPS (UK) LTD,HELIX Q7000,New Plymouth WS,New Plymouth
J.23.056927(WIT),Project,P.1043746,,,MBIE CT P&A | HELIX NZ,WELL OPS (UK) LTD,HELIX Q7000,New Plymouth WS,New Plymouth
J.23.071871(WIT),Project,P.1044870,,,MBIE - Helix Q7000,WELL OPS (UK) LTD,HELIX Q7000,New Plymouth WS,New Plymouth
J.21.111690(WLES),Project,P.1018651,,,Kapuni,TODD ENERGY LIMITED,Big Ben,New Plymouth WL,New Plymouth
J.21.111035(WLPS),Project,P.1020221,,,Tamarind - IBC Cheal B7,TAMARIND NZ ONSHORE LIMITED,ENSIGN 6,New Plymouth WL,New Plymouth
J.21.111034(SLKN),Project,P.1019134,,,Fishing Equipment - MB Century,MB CENTURY.,Big Ben,New Plymouth WL,New Plymouth
J.21.111033(SLKN),Project,P.1019133,,,Mangahewa-31 Fishing Job,KINETIC WELL SERVICES LTD,Big Ben,New Plymouth WL,New Plymouth
J.21.111036(WLPS),Project,P.1024088,,,MauiB-PnA-GorillaVII,OMV NEW ZEALAND LTD,VALARIS 249,New Plymouth WL,New Plymouth
J.22.114039(WLPS),Project,P.1031844,,,OMV Taranaki Peak ,OMV NEW ZEALAND LTD,RIGLESS - NEW ZEALAND,New Plymouth WL,New Plymouth
J.21.111031(WLES),Project,P.1018113,,,3d Seismic _ HDVS,NEW ZEALAND ENERGY CORPORATION,Rigless NZ Land,New Plymouth WL,New Plymouth
J.23.012678(SLKN),Project,P.1039134,,,MBIE-TUI Helix WLPS,WELL OPS (UK) LTD,HELIX Q7000,New Plymouth WL,New Plymouth
J.22.125464(SLKN),Project,P.1039615,,,Kapuni J2-G12 Campaign,TODD ENERGY LIMITED,BIG BEN,New Plymouth WL,New Plymouth
J.23.019361(SLKN),Project,P.1040334,,,Helix Q7000,HELIX OFFSHORE SERVICES LIMITED,HELIX Q7000,New Plymouth WL,New Plymouth
J.23.021300(SLKN),Project,P.1040971,,,Beach Energy ES,BEACH ENERGY RESOURCES NZ (HOLDINGS) LIMITED,VALARIS 107,New Plymouth WL,New Plymouth
J.23.092961(SLKN),Project,P.1046285,,,Peak Rentals,KINETIC WELL SERVICES LTD,Rigless,New Plymouth WL,New Plymouth
J.23.101196(SLKN),Project,P.1046701,,,Peak Sales,WESTERN ENERGY SERVICES LTD,Rigless,New Plymouth WL,New Plymouth
J.24.019742(SLKN),Project,P.1051253,,,OMV Pohukura,OMV NEW ZEALAND LTD,Rigless,New Plymouth WL,New Plymouth
J.24.080341(SLKN),Project,P.1056910,,,Peak Sales2024,OMV NEW ZEALAND LTD,Rigless,New Plymouth WL,New Plymouth
J.21.111030(WLPS),Project,P.1008188,,,Todd_BigBen 2021,TODD ENERGY LIMITED,Big Ben,New Plymouth WL,New Plymouth
J.20.063851(WLES),Project,P.1008461,,,Logging Club 2020- Todd,TODD ENERGY LIMITED,Rigless,New Plymouth WL,New Plymouth
J.24.109485(SLKN),Project,P.1059318,,,Peak Sales NZ,KINETIC WELL SERVICES LTD,Rigless,New Plymouth WL,New Plymouth
"J.23.140651(TCPF), J.23.179108(TSW)",Project,P.1045268,,,Beach NZ Product Sale,BEACH ENERGY RESOURCES NZ (HOLDINGS) LIMITED,VALARIS 107,New Plymouth TS,New Plymouth
"J.22.137377(SLKN), J.22.137612(WLES)",Project,P.1041315,,,Santos OH Dedicated Truck,SANTOS LIMITED,"SAVANNA DRILLING #409, SAVANNA DRILLING #406",Roma WL,Roma
J.23.016527(SLKN),Project,P.1039474,,,Workover,LOCHARD ENERGY (IONA OPERATIONS) TRUST,EASTERNWELL 17,Roma WL,Roma
J.22.117556(SLKN),Project,P.1038436,,,Frac Support,TAMBORAN RESOURCES LIMITED,RIGLESS - AUSTRALIA,Roma WL,Roma
J.20.063817(WLPS),Project,P.1004816,,,Rigless_CBL-VDL,ORIGIN ENERGY UPSTREAM OPERATOR PTY LTD,RIGLESS - AUSTRALIA,Roma WL,Roma
J.22.114024(WLES),Project,P.1036181,,,P&A campain,SANTOS LIMITED,WILD DESERT RIG 4,Roma WL,Roma
J.22.114020(WLPS),Project,P.1033320,,,Origin_Rigless,ORIGIN ENERGY UPSTREAM OPERATOR PTY LTD,RIGLESS - AUSTRALIA,Roma WL,Roma
J.22.114022(WLPS),Project,P.1034327,,,CH Ops,BENGAL ENERGY (AUSTRALIA) PTY LTD,RIGLESS - AUSTRALIA,Roma WL,Roma
"J.22.114021(WLES), J.22.119776(SLKN)",Project,P.1033328,,,NSW project,DEPARTMENT OF REGIONAL NSW - RESOURCES,"EASTERNWELL 101, ENSIGN 961",Roma WL,Roma
J.23.048655(SLKN),Project,P.1043284,,,Northstar Perforation,NORTHSTAR ENERGY SERVICES,RIGLESS - AUSTRALIA,Roma WL,Roma
"J.20.066165(SLKN), J.20.066166(WLES)",Project,P.1004498,,,Sav-449,ORIGIN ENERGY UPSTREAM OPERATOR PTY LTD,SAVANNA DRILLING #449,Roma WL,Roma
J.22.124604(SLKN),Project,P.1039473,,,Narrabri CH,SANTOS LIMITED,EASTERNWELL 24,Roma WL,Roma
J.20.064109(SLKN),Project,P.1004917,,,QGC Logging,QGC,SAVANNA 165,Roma WL,Roma
J.20.069714(SLKN),Project,P.1008026,,,RIgless operation,ARMOUR ENERGY (SURAT BASIN) PTY LTD,Rigless,Roma WL,Roma
J.20.067006(SLKN),Project,P.1008021,,,CTSCo logging,CARBON TRANSPORT AND STORAGE CORPORATION (CTSCO) PTY LIMITED,EASTERNWELL 101,Roma WL,Roma
"J.20.063945(SLKN), J.20.064019(WLES)",Project,P.1008919,,,Imperial Logging,IMPERIAL OIL AND GAS PTY LTD,"SAXTON 183, SILVER CITY 4, SILVER CITY 40",Roma WL,Roma
"J.21.110996(WLPS), J.21.110997(WLES)",Project,P.1015489,,,Rigless Perforation,IMPERIAL OIL AND GAS PTY LTD,RIGLESS - AUSTRALIA,Roma WL,Roma
J.21.110995(WLES),Project,P.1015406,,,Denison Gas Drilling,DENISON GAS,"Silver City 20, EASTERNWELL 101, EASTERNWELL 27",Roma WL,Roma
"J.20.063826(WLES), J.20.063827(WLPS)",Project,P.1010350,,,CH operation,SANTOS LIMITED,"EASTERNWELL 24, SAVANNA DRILLING #66, MPC 001, EASTERNWELL 29, VENTIA 33, MORPHEUS 7, WILD DESERT RIG 20, ENSIGN 968",Roma WL,Roma
J.22.114014(WLES),Project,P.1029574,,,NT _Exploration project,CENTRAL PETROLEUM SERVICES PTY LTD,ENSIGN 963,Roma WL,Roma
J.22.119566(WLES),Project,P.1032767,,,OH Logging,SWEETPEA PETROLEUM PTY LTD,"SILVER CITY 4, ENSIGN 950, ENSIGN 970",Roma WL,Roma
"J.21.109626(WLES), J.21.110988(WLPS)",Project,P.1020036,,,PNX ops,SANTOS LIMITED,"RIGLESS - AUSTRALIA, SAVANNA 68, WILD DESERT RIG 4",Roma WL,Roma
J.23.047228(WIT),Project,P.1043205,,,Beehiv-1 Stimulation,EOG RESOURCES AUSTRALIA BLOCK WA-488 PTY LTD,VALARIS 107,AUS East Coast WS,Roma
J.23.057857(WIT),Project,P.1043840,,,Labrador - Hastings Technology Metals,LABRADOR PETRO-MANAGEMENT PTY LTD,SWMS RIG 3,AUS East Coast WS,Roma
J.23.072989(WIT),Project,P.1045002,,,Angel-1 Engineering,WOODSIDE ENERGY LTD,OCEAN APEX,AUS East Coast WS,Roma
J.23.079873(WIT),Project,P.1045478,,,INPEX Holonema-1,INPEX OPERATIONS AUSTRALIA PTY LTD,OCEAN APEX,AUS East Coast WS,Roma
J.23.156447(WIT),Project,P.1051132,,,QGC Arctic Bond (CTS),QGC,Rigless,AUS East Coast WS,Roma
J.23.028774(WIT),Project,P.1041755,,,Strike Energy - Development Well,STRIKE ENERGY LIMITED,EASTERNWELL 106,AUS East Coast WS,Roma
J.22.131723(WIT),Project,P.1037002,,,Stickle-4H1-ST - East Coast,BHP PETROLEUM PTY LTD,OCEAN APEX,AUS East Coast WS,Roma
J.22.115826(WIT),Project,P.1037047,,,NTP Option Wells E&A - Part 2,SANTOS LIMITED,NOBLE TOM PROSSER,AUS East Coast WS,Roma
J.22.137111(WIT),Project,P.1037048,,,MITSUI - Waitsia Stage II Development Campaign - Part 2,AWE PERTH PTY LTD,EASTERNWELL 106,AUS East Coast WS,Roma
J.22.123344(WIT),Project,P.1039257,,,Turbridgi Expansion,AGI TUBRIDGI PTY LIMITED,ATLAS DRLG 2,AUS East Coast WS,Roma
J.22.128562(WIT),Project,P.1040096,,,Tamboran NT - Cementing,TAMBORAN RESOURCES LIMITED,SILVER CITY 40,AUS East Coast WS,Roma
J.23.019659(WIT),Project,P.1040460,,,Gemtree J85 - East Coast,WOODSIDE ENERGY JULIMAR PTY LTD,OCEAN APEX,AUS East Coast WS,Roma
J.23.023278(WIT),Project,P.1041221,,,Omega Campaign,OMEGA OIL AND GAS LIMITED,SAVANNA 185,AUS East Coast WS,Roma
J.22.137598(WIT),Project,P.1033163,,,Frac-NT,ORIGIN ENERGY B2 PTY LIMITED,Rigless,AUS East Coast WS,Roma
J.23.055411(SLKN),Project,P.1043632,,,QGC_TGS,QGC,ENSIGN 965,Roma WL,Roma
J.23.085732(SLKN),Project,P.1045904,,,Origin NSW ,ORIGIN ENERGY UPSTREAM OPERATOR PTY LTD,RIGLESS - AUSTRALIA,Roma WL,Roma
J.23.120414(SLKN),Project,P.1048142,,,SS-1_SS-1H_Amungee_RPE,TAMBORAN RESOURCES LIMITED,H&P 469,Roma WL,Roma
J.21.111044(WIT),Project,P.1020558,,,Condor,CONDOR RESOURCES PTY LTD,Rigless,AUS East Coast WS,Roma
J.21.111731(WIT),Project,P.1014547,,,Origin NT,ORIGIN ENERGY B2 PTY LIMITED,SILVER CITY 40,AUS East Coast WS,Roma
"J.21.111692(WPS), J.21.111958(WIT)",Project,P.1015414,,,Imperial Conventional ,IMPERIAL OIL AND GAS PTY LTD,RIGLESS - AUSTRALIA,AUS East Coast WS,Roma
J.21.111042(WIS),Project,P.1018744,,,CT Amungee Kyalla,ORIGIN ENERGY B2 PTY LIMITED,Rigless,AUS East Coast WS,Roma
J.21.119574(WIS),Project,P.1018739,,,Conventional Frac,ARMOUR ENERGY (SURAT BASIN) PTY LTD,Rigless,AUS East Coast WS,Roma
J.21.109621(WIT),Project,P.1021122,,,Origin ShaleAID,ORIGIN ENERGY UPSTREAM OPERATOR PTY LTD,RIGLESS - AUSTRALIA,AUS East Coast WS,Roma
J.22.129527(WIT),Project,P.1024807,,,Imperial Cleanout,IMPERIAL OIL AND GAS PTY LTD,Rigless,AUS East Coast WS,Roma
J.22.146362(WIT),Project,P.1024805,,,Santos ShaleAID,SANTOS LIMITED,Rigless,AUS East Coast WS,Roma
J.21.111046(WIT),Project,P.1025644,,,LIHIR GOLD LTD,LIHIR GOLD LTD,Rigless,AUS East Coast WS,Roma
J.21.111668(WLES),Project,P.1019660,,,PLT,EXXONMOBIL PNG LIMITED,SUPERIOR ENERGY RIG 32,Port Moresby WL,Port Moresby
"J.22.143859(SLKN), J.22.143878(WLES), J.22.153187(WLPS)",Project,P.1032910,,,Angore_Hides_Drilling_Project - 2022/2023,EXXONMOBIL PNG LIMITED,NABORS 702,Port Moresby WL,Port Moresby
J.23.056231(SLKN),Project,P.1043700,,,Workover,TAMBORAN RESOURCES LIMITED,VENTIA 33,Roma WL,Roma
J.20.063865(WIT),Project,P.1011181,,,Cooper Basin Cementing Services,SANTOS LIMITED,"SAVANNA 183, SAVANNA 188, WILD DESERT RIG 22, WILD DESERT RIG 16, ENSIGN 971, WILD DESERT RIG 6, ENSIGN 974, ENSIGN 967",AUS East Coast WS,Roma
"J.20.063929(WPS), J.20.063931(WIT)",Project,P.1012060,,,Origin CoilFRAC,ORIGIN ENERGY UPSTREAM OPERATOR PTY LTD,RIGLESS - AUSTRALIA,AUS East Coast WS,Roma
J.21.111659(WIT),Project,P.1013019,,,Cervantes,RCMA AUSTRALIA PTY LTD,RIGLESS - AUSTRALIA,AUS East Coast WS,Roma
J.20.063665(SLKN),Project,P.1004298,,,Saxon Rig 183,SANTOS LIMITED,SAVANNA 183,Moomba WL,Moomba
J.19.060683(SLKN),Project,P.1002076,,,Wild Desert WD4,SANTOS LIMITED,"Wild Desert Rig 22, WILD DESERT RIG 4",Moomba WL,Moomba
J.19.060710(WLES),Project,P.1001693,,,Ensign 971,SANTOS LIMITED,ENSIGN 971,Moomba WL,Moomba
J.19.062529(SLKN),Project,P.1001689,,,Wild Desert 16,SANTOS LIMITED,Wild Desert Rig 16,Moomba WL,Moomba
J.19.060685(SLKN),Project,P.1001906,,,Wild Desert 6,SANTOS LIMITED,Wild Desert Rig 6,Moomba WL,Moomba
"J.19.060705(WLES), J.19.060728(SLKN)",Project,P.1001688,,,Ensign 967,SANTOS LIMITED,ENSIGN 967,Moomba WL,Moomba
J.20.064046(SLKN),Project,P.1005156,,,Moomba ES Rigless 2020,SANTOS LIMITED,RIGLESS - AUSTRALIA,Moomba WL,Moomba
"J.19.060708(WLPS), J.19.062505(SLKN)",Project,P.1001568,,,Rigless - U420,SANTOS LIMITED,RIGLESS - AUSTRALIA,Moomba WL,Moomba
J.19.060684(SLKN),Project,P.1001556,,,Ensign 974,SANTOS LIMITED,ENSIGN 974,Moomba WL,Moomba
J.24.041713(SLKN),Project,P.1054254,,,Rigless 5874,SANTOS LIMITED,Rigless,Moomba WL,Moomba
J.23.052495(SLKN),Project,P.1043473,,,Unit 418-Rigless,SANTOS LIMITED,Rigless,Moomba WL,Moomba
J.22.131477(SLKN),Project,P.1040436,,,3148 CH Operation,SANTOS LIMITED,Rigless,Moomba WL,Moomba
J.22.122248(SLKN),Project,P.1033338,,,Q3 SWPT 375,SANTOS LIMITED,RIGLESS - AUSTRALIA,Moomba WL,Moomba
J.22.117551(SLKN),Project,P.1033294,,,U418 Rigless,SANTOS LIMITED,RIGLESS - AUSTRALIA,Moomba WL,Moomba
J.22.121233(SLKN),Project,P.1029651,,,SLR 188,SANTOS LIMITED,SAVANNA 188,Moomba WL,Moomba
J.21.110851(WLES),Project,P.1018746,,,Beach Energy SLR184,BEACH ENERGY LTD,SAVANNA 184,Moomba WL,Moomba
J.21.111608(WLES),Project,P.1018740,,,SLR 183,SANTOS LIMITED,SAVANNA 183,Moomba WL,Moomba
"J.21.110985(WLES), J.21.124655(WLPS)",Project,P.1015629,,,Vintage Energy,VINTAGE ENERGY LTD,"SAVANNA 185, SAVANNA 184",Moomba WL,Moomba
J.20.069641(SLKN),Project,P.1006099,,,Vintage Rigless,VINTAGE ENERGY LTD,Rigless,Moomba WL,Moomba
J.19.060706(WLES),Project,P.1001703,,,Armour Energy Q4,ARMOUR ENERGY (SURAT BASIN) PTY LTD,Silver City 20,Roma WL,Roma
"J.19.060704(WLPS), J.19.060707(WLES), J.19.060777(SLKN)",Project,P.1001734,,,Santos Rigless SLDT_CBL - repeat ops,SANTOS LIMITED,RIGLESS - AUSTRALIA,Roma WL,Roma
J.19.060711(WLES),Project,P.1001731,,,PS_Santos_Sav67,SANTOS LIMITED,SAVANNA DRILLING #67,Roma WL,Roma
J.19.060789(SLKN),Project,P.1001641,,,CSG_Santos_EnsignDrillig968,SANTOS LIMITED,Ensign 968,Roma WL,Roma
"J.19.060709(WLES), J.19.060746(SLKN)",Project,P.1001639,,,CSG_Santos_SavannaDrilling409,SANTOS LIMITED,SAVANNA DRILLING #409,Roma WL,Roma
J.21.111075(WIT),Project,P.1014449,,,Cooper Energy ,COOPER ENERGY LIMITED,RIGLESS - AUSTRALIA,AUS West Coast WS,Jandakot
J.21.111078(WIS),Project,P.1018742,,,Copper SIT,COOPER ENERGY LIMITED,Rigless,AUS West Coast WS,Jandakot
J.21.109622(WIT),Project,P.1020894,,,NTP Option Wells E&A,SANTOS LIMITED,NOBLE TOM PROSSER,AUS West Coast WS,Jandakot
J.21.111079(WIT),Project,P.1023577,,,AGIG Nanosealant,AGI TUBRIDGI PTY LIMITED,Rigless,AUS West Coast WS,Jandakot
"J.23.160891(WIT), J.23.167912(WPS)",Project,P.1051659,,,Mitsui CO2 Pumping,AWE PERTH PTY LTD,Rigless,AUS West Coast WS,Jandakot
"J.23.125446(WIT), J.23.140155(WIS)",Project,P.1048623,,,BMG Q7000,COOPER ENERGY LIMITED,HELIX Q7000,AUS West Coast WS,Jandakot
J.22.114067(WIT),Project,P.1030063,,,Balnaves PnA Cementing,WOODSIDE ENERGY LTD,OCEAN APEX,AUS West Coast WS,Jandakot
J.23.056692(WIT),Project,P.1043728,,,Mitsui CO2 Pumping,MITSUI E&P AUSTRALIA PTY LTD.,Rigless,AUS West Coast WS,Jandakot
"J.23.059174(WIT), J.23.168756(WPS)",Project,P.1043950,,,CO2 Pumping,AWE PERTH PTY LTD,Rigless,AUS West Coast WS,Jandakot
J.23.090653(WIT),Project,P.1046176,,,Integrated P&A Services,ESSO AUSTRALIA LTD,HELIX Q7000,AUS West Coast WS,Jandakot
"J.23.105424(WIT), J.23.106589(WIS)",Project,P.1047035,,,Esso CT P&A,ESSO AUSTRALIA LTD,HELIX Q7000,AUS West Coast WS,Jandakot
J.23.108575(WIT),Project,P.1047285,,,Cooper CT P&A,COOPER ENERGY LIMITED,HELIX Q7000,AUS West Coast WS,Jandakot
J.23.111994(WIT),Project,P.1047494,,,Tidepole Light Well Intervention Project,NORMAND SAPURA PTY LTD,SAPURAKENCANA CONSTRUCTOR,AUS West Coast WS,Jandakot
"J.24.097321(PSV), J.24.122177(TCPF)",Project,P.1058576,,,CRC-3 TCP operations,CO2CRC LIMITED,WILD DESERT RIG 4,APG TS,Jandakot
J.24.088648(PSV),Project,P.1057866,,,TCP Hides F-2,EXXONMOBIL PNG LIMITED,NABORS 702,APG TS,Jandakot
J.23.128842(PSV),Project,P.1048941,,,Hydrogen Well Test,GOLD HYDROGEN PTY LTD,RIGLESS - AUSTRALIA,APG TS,Jandakot
J.23.121643(PSV),Project,P.1048238,,,Mitsui Project,MITSUI E&P AUSTRALIA PTY LTD.,Rigless,APG TS,Jandakot
J.23.119485(PSV),Project,P.1048069,,,John Brooks Rigless,SANTOS LIMITED,RIGLESS - AUSTRALIA,APG TS,Jandakot
J.23.088186(PSV),Project,P.1046020,,,ROV sampling,WOODSIDE ENERGY LTD,VALARIS DPS-1,APG TS,Jandakot
"J.20.063794(WLPS), J.20.063797(WLES)",Project,P.1004274,,,Beach - Otway Offshore,BEACH ENERGY LTD,OCEAN ONYX,New Burn WL,Jandakot
"J.20.063793(WLES), J.20.063966(SLKN)",Project,P.1004258,,,Ichthys - Phase 2,INPEX OPERATIONS AUSTRALIA PTY LTD,NOBLE DELIVERER,New Burn WL,Jandakot
J.20.063806(WLPS),Project,P.1004255,,,Beach - ERD,BEACH ENERGY LTD,ENSIGN 931,New Burn WL,Jandakot
"J.20.063666(SLKN), J.20.063816(WLPS)",Project,P.1004276,,,Conoco - Bayu Undan,SANTOS NA (19-12) PTY LTD,RIGLESS - AUSTRALIA,New Burn WL,Jandakot
"J.19.060701(WLPS), J.19.060703(WLES)",Project,P.1001578,,,Chevron TVI,CHEVRON APG ABU PERTH.,VALARIS 107,New Burn WL,Jandakot
"J.23.082820(PSV), J.23.082825(TSW)",Project,P.1045695,,,Petrofac FPSO,NORMAND SAPURA PTY LTD,SAPURAKENCANA CONSTRUCTOR,APG TS,Jandakot
J.20.063771(PSV),Project,P.1008951,,,VX Calibration - STAG Calibration,JADESTONE ENERGY (AUSTRALIA) PTY LTD,STAG SNUBBING UNIT 1,APG TS,Jandakot
J.21.110970(TSW),Project,P.1009487,,,Santos  Bayu Undan,SANTOS NA (19-12) PTY LTD,"NOBLE TOM PROSSER, RIGLESS - AUSTRALIA",APG TS,Jandakot
"J.20.063774(TSW), J.20.064108(PSV)",Project,P.1004580,,,Jadestone Energy MPFM Troubleshooting,JADESTONE ENERGY (AUSTRALIA) PTY LTD,STAG SNUBBING UNIT 1,APG TS,Jandakot
J.19.060691(TSW),Project,P.1003848,,,2020-006 Cooper Energy,COOPER ENERGY LIMITED,HELIX Q7000,APG TS,Jandakot
J.19.060688(TSW),Project,P.1002320,,,2020-002A - Beach Energy - Otway Offshore,BEACH ENERGY LTD,OCEAN ONYX,APG TS,Jandakot
J.21.110968(TSW),Project,P.1002114,,,2020-004-Woodside-DPS01-Pyxis and Scarborough,WOODSIDE BURRUP PTY.  LTD,VALARIS DPS-1,APG TS,Jandakot
J.19.060687(DHT),Project,P.1002073,,,Chevron GS2 - 13Cr/iOX/HSD,CHEVRON APG ABU PERTH.,GSF DEVELOPMENT DRILLER I,APG TS,Jandakot
J.19.060689(DHT),Project,P.1002086,,,2019-016,WOODSIDE ENERGY LTD,OCEAN APEX,APG TS,Jandakot
J.23.074584(PSV),Project,P.1045159,,,Hector 1 TCP perforation,SANTOS LIMITED,RIGLESS - AUSTRALIA,APG TS,Jandakot
"J.23.074614(PSV), J.23.140650(TCPF)",Project,P.1045161,,,BMG Q7000,COOPER ENERGY LIMITED,RIGLESS - AUSTRALIA,APG TS,Jandakot
"J.23.074602(PSV), J.23.176793(TCPF)",Project,P.1045160,,,PWC,WOODSIDE ENERGY LTD,VALARIS MS-1,APG TS,Jandakot
J.23.071243(PSV),Project,P.1044821,,,Halyard-2,SANTOS LIMITED,OCEAN APEX,APG TS,Jandakot
J.23.071239(PSV),Project,P.1044819,,,HJV P&A Campaign,SANTOS LIMITED,VALARIS 107,APG TS,Jandakot
J.24.002694(PSV),Project,P.1044816,,,MEFF P&A Campaign,SANTOS LIMITED,OCEAN APEX,APG TS,Jandakot
J.23.062379(PSV),Project,P.1044304,,,Bleed off,SAPURA AUSTRALIA PTY LTD,SAPURAKENCANA CONSTRUCTOR,APG TS,Jandakot
J.23.048396(PSV),Project,P.1043268,,,Kupe South,BEACH ENERGY RESOURCES NZ (HOLDINGS) LIMITED,VALARIS 107,APG TS,Jandakot
"J.23.037801(PSV), J.23.168280(TSW)",Project,P.1042556,,,Mitsui Carbon Injection,AWE PERTH PTY LTD,Rigless,APG TS,Jandakot
J.23.032833(PSV),Project,P.1042141,,,BW Offshore MEG Analyser,BW OFFSHORE EPC FZE,VALARIS MS-1,APG TS,Jandakot
"J.22.113982(TSW), J.22.137529(PSV)",Project,P.1035703,,,ENI Blacktip | SWT Flow back,ENI AUSTRALIA B.V.,VALARIS 107,APG TS,Jandakot
J.22.113981(TSW),Project,P.1028649,,,Watsia,AWE PERTH PTY LTD,Rigless,APG TS,Jandakot
J.21.110969(TCPF),Project,P.1019461,,,ENI Woollybutt,ENI JPDA 11-106 B.V.,Valaris MS-1,APG TS,Jandakot
J.23.113914(SLKN),Project,P.1047613,,,peak rentals,SANTOS NA (19-12) PTY LTD,Rigless,New Burn WL,Jandakot
J.23.101203(SLKN),Project,P.1046703,,,Peak Sales,SANTOS LIMITED,Rigless,New Burn WL,Jandakot
J.23.099788(SLKN),Project,P.1046604,,,Peak rentals,BEACH ENERGY LTD,Rigless,New Burn WL,Jandakot
"J.23.061614(SLKN), J.23.086561(WLPS), J.23.138517(WLES)",Project,P.1044216,,,Tidepole Light Well Intervention Project,NORMAND SAPURA PTY LTD,SAPURAKENCANA CONSTRUCTOR,New Burn WL,Jandakot
"J.23.045960(SLKN), J.23.086821(WLPS), J.23.127294(WLES)",Project,P.1043153,,,BMG Q7000,COOPER ENERGY LIMITED,HELIX Q7000,New Burn WL,Jandakot
"J.23.037038(SLKN), J.23.106598(WLPS)",Project,P.1042472,,,John Brooks Rigless,SANTOS LIMITED,RIGLESS - AUSTRALIA,New Burn WL,Jandakot
"J.23.018154(SLKN), J.23.169937(WLES)",Project,P.1039708,,,Exploration Apex,INPEX OPERATIONS AUSTRALIA PTY LTD,OCEAN APEX,New Burn WL,Jandakot
"J.23.018157(SLKN), J.23.048331(WLES)",Project,P.1039709,,,GB Energy E-107,GB ENERGY,VALARIS 107,New Burn WL,Jandakot
"J.22.125185(SLKN), J.22.137526(WLES)",Project,P.1039562,,,Woodside ES,WOODSIDE ENERGY JULIMAR PTY LTD,OCEAN APEX,New Burn WL,Jandakot
J.22.123830(SLKN),Project,P.1039316,,,Peak Sales AUD,ESSO AUSTRALIA LTD,Rigless,New Burn WL,Jandakot
"J.22.122440(SLKN), J.22.146655(WLES)",Project,P.1039131,,,Beach Perth Basin,BEACH ENERGY LTD,VENTIA 106,New Burn WL,Jandakot
J.22.153105(SLKN),Project,P.1037380,,,BucketJobTestProject_5,SCHLUMBERGER IPM,NAM RIGLESS - FOR RIGLESS WORK,New Burn WL,Jandakot
J.23.120005(SLKN),Project,P.1048113,,,Peak rentals,ENERGY RESOURCES LIMITED,Rigless,New Burn WL,Jandakot
"J.22.146711(SLKN), J.22.146712(WLES)",Project,P.1037279,,,AGIG,AGI TUBRIDGI PTY LIMITED,RIGLESS - AUSTRALIA,New Burn WL,Jandakot
"J.22.114025(WLPS), J.22.114027(WLES)",Project,P.1037088,,,Blacktip Ensco-107,ENI AUSTRALIA B.V.,VALARIS 107,New Burn WL,Jandakot
J.22.114005(SLKN),Project,P.1036863,,,Peak SIM equipment,ENI AUSTRALIA B.V.,Rigless,New Burn WL,Jandakot
"J.22.114023(WLPS), J.22.137608(SLKN)",Project,P.1036077,,,Stag 50H & 51H Development,JADESTONE ENERGY (AUSTRALIA) PTY LTD,VALARIS 107,New Burn WL,Jandakot
J.22.114004(SLKN),Project,P.1035401,,,Tekocean,TEK-OCEAN ENERGY SERVICES,Rigless,New Burn WL,Jandakot
J.22.113731(SLKN),Project,P.1035131,,,SIM plugs,ESSO AUSTRALIA LTD,Rigless,New Burn WL,Jandakot
J.22.114019(WLPS),Project,P.1032716,,,Blacktip May 2022,ENI AUSTRALIA LIMITED,Rigless,New Burn WL,Jandakot
"J.22.114018(WLPS), J.22.125775(SLKN)",Project,P.1032673,,,Stag Tufftrac-USIT campaign,JADESTONE ENERGY (AUSTRALIA) PTY LTD,STAG SNUBBING UNIT 1,New Burn WL,Jandakot
J.22.114002(WLES),Project,P.1032641,,,Kanga-1 exploration well,SAPURAOMV UPSTREAM (WESTERN AUSTRALIA) PTY LTD,OCEAN APEX,New Burn WL,Jandakot
J.22.114017(WLES),Project,P.1031337,,,Western Gas Sasanof-1,WESTERN GAS (519 P) PTY LTD,Valaris MS-1,New Burn WL,Jandakot
"J.22.114016(WLPS), J.22.137804(SLKN)",Project,P.1030724,,,BHP WA Campaign,BHP PETROLEUM PTY LTD,OCEAN APEX,New Burn WL,Jandakot
J.22.114015(WLPS),Project,P.1030595,,,Stag rigless HWU Q2'22,JADESTONE ENERGY (EAGLE) PTY LTD,Rigless,New Burn WL,Jandakot
"J.22.114345(SLKN), J.22.137562(WLPS)",Project,P.1030127,,,ENI_Blacktip_V107 WL work,ENI AUSTRALIA B.V.,VALARIS 107,New Burn WL,Jandakot
J.24.092827(SLKN),Project,P.1058241,,,PNG'S sale to Hopper/Surtech,SURTECH SYSTEMS,RIGLESS - AUSTRALIA,New Burn WL,Jandakot
J.24.138001(SLKN),Project,P.1061354,,,JUB Victoria,SANTOS LIMITED,Rigless,New Burn WL,Jandakot
J.24.132262(SLKN),Project,P.1060889,,,Epilogue/Slim Epilogue Platform,ESSO AUSTRALIA LTD,ISLAND PERFORMER LWI,New Burn WL,Jandakot
J.22.114001(WLPS),Project,P.1029582,,,Vermilion 2022 rig campaign,VERMILION OIL & GAS AUSTRALIA PTY LTD,VALARIS 107,New Burn WL,Jandakot
"J.24.085026(SLKN), J.24.085481(WLPS)",Project,P.1057520,,,Mitsui -Hovea-14 Intercept Well,MEPAU PERTH BASIN PTY LTD,VENTIA 106,New Burn WL,Jandakot
J.24.083552(SLKN),Project,P.1057354,,,Peak sales - rental,CLEAR CUT INTERVENTIONS AUSTRALIA PTY LTD,Rigless,New Burn WL,Jandakot
J.24.082616(SLKN),Project,P.1057195,,,CVX GS2,CHEVRON APG ABU PERTH.,HELIX Q7000,New Burn WL,Jandakot
J.24.052613(SLKN),Project,P.1055128,,,Peak sales,WOODSIDE ENERGY GLOBAL PTY LTD,Rigless,New Burn WL,Jandakot
J.24.051358(SLKN),Project,P.1055015,,,Mitsui CO2 Injection,AWE PERTH PTY LTD,RIGLESS - AUSTRALIA,New Burn WL,Jandakot
J.24.042767(SLKN),Project,P.1054325,,,Peak Sales,HALLIBURTON AUSTRALIA PTY LTD,Rigless,New Burn WL,Jandakot
J.24.042280(SLKN),Project,P.1054300,,,Peak Sales,PROCUREIT,Rigless,New Burn WL,Jandakot
J.23.174122(SLKN),Project,P.1053136,,,Peak Sales 2024,ESSO AUSTRALIA LTD,Rigless,New Burn WL,Jandakot
"J.23.174476(SLKN), J.23.174483(WLPS)",Project,P.1053176,,,ENI Blacktip Rigless '24 (Commercial - Rig Contract VO),ENI AUSTRALIA B.V.,Rigless,New Burn WL,Jandakot
"J.23.161213(SLKN), J.23.179166(WLPS)",Project,P.1051694,,,HELIX Q700,ESSO AUSTRALIA LTD,HELIX Q7000,New Burn WL,Jandakot
J.23.153466(SLKN),Project,P.1050788,,,atlas,AGI TUBRIDGI PTY LIMITED,ATLAS DRLG 2,New Burn WL,Jandakot
J.23.129945(SLKN),Project,P.1049071,,,Peak Rental AUD,ESSO AUSTRALIA LTD,Rigless,New Burn WL,Jandakot
"J.23.126948(SLKN), J.23.126953(WLPS)",Project,P.1048809,,,Blacktip P2 & P3 Rigless Re-perf - Commercial,ENI AUSTRALIA B.V.,Rigless,New Burn WL,Jandakot
"J.24.010544(SLKN), J.24.058104(WLPS)",Project,P.1048603,,,HJV P&A,SANTOS LIMITED,VALARIS 107,New Burn WL,Jandakot
J.20.063822(WLPS),Project,P.1009481,,,Jadestone - COMMERCIAL,JADESTONE ENERGY (AUSTRALIA) PTY LTD,RIGLESS - AUSTRALIA,New Burn WL,Jandakot
"J.21.111000(SLKN), J.21.111001(WLPS)",Project,P.1016918,,,ENI Blacktip,ENI AUSTRALIA B.V.,Rigless,New Burn WL,Jandakot
"J.21.110984(WLES), J.21.110994(WLPS)",Project,P.1013717,,,Jadestone P&A campaing E107,JADESTONE ENERGY (EAGLE) PTY LTD,VALARIS 107,New Burn WL,Jandakot
J.21.110983(WLPS),Project,P.1012748,,,Van Gogh,SANTOS WESTERN AUSTRALIA,VALARIS MS-1,New Burn WL,Jandakot
J.21.110982(WLES),Project,P.1012690,,,Timor Resources,TIMOR RESOURCES,EASTERN DRILLING RIG # 1,New Burn WL,Jandakot
J.20.063807(WLES),Project,P.1011408,,,Gorgon additional processing,CHEVRON APG ABU PERTH.,Rigless,New Burn WL,Jandakot
"J.20.063805(WLPS), J.20.063828(SLKN)",Project,P.1011174,,,Tuna,ESSO AUSTRALIA LTD,Rigless,New Burn WL,Jandakot
J.20.063800(WLPS),Project,P.1009603,,,Seahorse,ESSO AUSTRALIA LTD,Rigless,New Burn WL,Jandakot
"J.20.063802(SLKN), J.20.063825(WLPS)",Project,P.1010347,,,Inpex Phase 2 - Slickline Commercial,INPEX OPERATIONS AUSTRALIA PTY LTD,NOBLE DELIVERER,New Burn WL,Jandakot
"J.20.063815(SLKN), J.20.063823(WLPS)",Project,P.1009680,,,Technip FMC,FMC TECHNOLOGIES AUSTRALIA LTD.,Rigless,New Burn WL,Jandakot
J.20.063824(WLPS),Project,P.1009961,,,Stag 21H SLK,JADESTONE ENERGY (AUSTRALIA) PTY LTD,Rigless,New Burn WL,Jandakot
J.20.063804(WLPS),Project,P.1009298,,,Whiting Peak,ESSO AUSTRALIA LTD,Rigless,New Burn WL,Jandakot
J.20.063821(WLPS),Project,P.1009359,,,Bayu Undan Rigless - COMMERCIAL,SANTOS NA (19-12) PTY LTD,Rigless,New Burn WL,Jandakot
"J.21.110998(WLPS), J.21.110999(WLES)",Project,P.1016349,,,NTP BUIWP3C - Commercial AUS,SANTOS NA (19-12) PTY LTD,NOBLE TOM PROSSER,New Burn WL,Jandakot
"J.20.063799(WLPS), J.20.063803(WLES)",Project,P.1009296,,,Woodside Julimar - COMMERCIAL ONLY,WOODSIDE ENERGY LTD,OCEAN APEX,New Burn WL,Jandakot
J.20.063819(WLES),Project,P.1008190,,,Ironbark-1,BP AUSTRALIA (APG),OCEAN APEX,New Burn WL,Jandakot
J.20.063796(SLKN),Project,P.1006001,,,Chevron Peak,CHEVRON APG ABU PERTH.,RIGLESS - AUSTRALIA,New Burn WL,Jandakot
J.20.063801(SLKN),Project,P.1006183,,,"7"" Peak Sim Ultra ",CHEVRON APG ABU PERTH.,Rigless,New Burn WL,Jandakot
J.20.063818(WLES),Project,P.1005722,,,Gular-1,AGR (AUSTRALIA) PTY LTD,NOBLE TOM PROSSER,New Burn WL,Jandakot
J.20.063795(WLES),Project,P.1004681,,,Sapura_E107_Eagle-1,SAPURAOMV UPSTREAM (WESTERN AUSTRALIA) PTY LTD,VALARIS 107,New Burn WL,Jandakot
"J.22.111715(SLKN), J.22.114013(WLPS)",Project,P.1029257,,,Spartan -2 Well NTP,SANTOS LIMITED,NOBLE TOM PROSSER,New Burn WL,Jandakot
"J.22.113999(SLKN), J.22.114010(WLPS)",Project,P.1028053,,,HJV rig  P&A,SANTOS LIMITED,NOBLE TOM PROSSER,New Burn WL,Jandakot
J.22.114009(WLPS),Project,P.1028051,,,Peak Sales,KINETIC WELL SERVICES LTD,Rigless,New Burn WL,Jandakot
J.22.113998(SLKN),Project,P.1027919,,,Peak transactions ,OMV NEW ZEALAND LTD,Rigless,New Burn WL,Jandakot
"J.21.109619(SLKN), J.21.111014(WLES)",Project,P.1026432,,,2022 open hole campaign,SANTOS LIMITED,NOBLE TOM PROSSER,New Burn WL,Jandakot
"J.22.114008(WLPS), J.22.146594(SLKN)",Project,P.1026302,,,HJV Rigless - Operations,SANTOS LIMITED,Rigless,New Burn WL,Jandakot
J.21.111013(WLES),Project,P.1026083,,,Buffalo-10,CARNARVON PETROLEUM TIMOR,VALARIS 107,New Burn WL,Jandakot
J.21.110993(WLPS),Project,P.1025762,,,Peak sales/rentals,FMC TECHNOLOGIES AUSTRALIA LTD.,Rigless,New Burn WL,Jandakot
J.21.111012(WLPS),Project,P.1025387,,,Add Energy,ADD LUCID PTY LTD,Rigless,New Burn WL,Jandakot
J.21.111009(WLES),Project,P.1024677,,,Buffalo-10 appraisal well,CARNARVON PETROLEUM LTD.,VALARIS 107,New Burn WL,Jandakot
"J.22.132302(SLKN), J.22.153289(WLPS)",Project,P.1024984,,,Mitsui Project,MEPAU PERTH BASIN PTY LTD,VENTIA 106,New Burn WL,Jandakot
J.21.111008(SLKN),Project,P.1024089,,,Peak transactions,WOODSIDE ENERGY LTD,Rigless,New Burn WL,Jandakot
J.22.118292(SLKN),Project,P.1024966,,,OH Logging,STRIKE ENERGY LIMITED,Ensign 962,New Burn WL,Jandakot
"J.21.111010(SLKN), J.21.111011(WLPS)",Project,P.1024745,,,Reindeer,SANTOS LIMITED,REINDEER PLATFORM,New Burn WL,Jandakot
"J.21.111007(WLPS), J.21.111871(WLES)",Project,P.1021161,,,Woolybutt P&A Campaign,ENI AUSTRALIA LIMITED,VALARIS MS-1,New Burn WL,Jandakot
J.21.110991(SLKN),Project,P.1021294,,,Esso Peak Rental,ESSO AUSTRALIA LTD,Rigless,New Burn WL,Jandakot
"J.21.111005(SLKN), J.21.111006(WLPS), J.21.111592(WLES)",Project,P.1020480,,,VOGA SLK support,VERMILION OIL & GAS AUSTRALIA PTY LTD,Rigless,New Burn WL,Jandakot
J.21.110989(WLES),Project,P.1020110,,,Carnarvon Exploration,CARNARVON PETROLEUM TIMOR,VALARIS 107,New Burn WL,Jandakot
"J.21.111003(SLKN), J.21.111004(WLPS)",Project,P.1018252,,,PEAK sales oil Search,OIL SEARCH (PNG) LIMITED.,Rigless,New Burn WL,Jandakot
"J.21.110987(WLES), J.21.111002(WLPS)",Project,P.1017723,,,BMG,COOPER ENERGY LIMITED,Rigless,New Burn WL,Jandakot
J.21.110986(WLES),Project,P.1016350,,,NTP BUIWP3C - Commercial TL,SANTOS NA (19-12) PTY LTD,NOBLE TOM PROSSER,New Burn WL,Jandakot
